省份,年份,行政区划代码,猪肉（千克/人）,牛肉（千克/人）,羊肉（千克/人）,禽肉（千克/人）,水产品（千克/人）,蛋类（千克/人）,奶类（千克/人）,缺失分项数
上海,2000,310000,,,,,,,,7
上海,2001,310000,,,,,,,,7
上海,2002,310000,,,,,,,,7
上海,2003,310000,,,,,,,,7
上海,2004,310000,,,,,,,,7
上海,2005,310000,,,,,,,,7
上海,2006,310000,,,,,,,,7
上海,2007,310000,,,,,,,,7
上海,2008,310000,,,,,,,,7
上海,2009,310000,,,,,,,,7
上海,2010,310000,,,,,,,,7
上海,2011,310000,,,,,,,,7
上海,2012,310000,,,,,,,,7
上海,2013,310000,,,,,,,,7
上海,2014,310000,,,,,,,,7
上海,2015,310000,20.6,2.6,1.0,12.1,25.2,10.4,21.7,0
上海,2016,310000,20.2,2.8,1.1,13.3,25.7,11.1,21.0,0
上海,2017,310000,19.5,2.9,0.9,12.8,25.1,10.7,20.8,0
上海,2018,310000,22.4,3.0,1.1,12.3,24.5,12.0,20.8,0
上海,2019,310000,19.8,3.5,1.0,13.1,27.2,12.3,20.8,0
上海,2020,310000,19.1,4.2,1.0,14.0,27.1,13.9,23.1,0
上海,2021,310000,23.1,4.4,1.2,14.2,27.9,14.0,24.0,0
上海,2022,310000,23.3,4.3,1.1,12.6,24.6,14.3,20.6,0
上海,2023,310000,24.1,4.9,1.3,12.7,24.5,15.0,21.9,0
上海,2024,310000,23.3,5.4,1.5,13.0,23.9,14.5,20.5,0
云南,2000,530000,,,,,,,,7
云南,2001,530000,,,,,,,,7
云南,2002,530000,,,,,,,,7
云南,2003,530000,,,,,,,,7
云南,2004,530000,,,,,,,,7
云南,2005,530000,,,,,,,,7
云南,2006,530000,,,,,,,,7
云南,2007,530000,,,,,,,,7
云南,2008,530000,,,,,,,,7
云南,2009,530000,,,,,,,,7
云南,2010,530000,,,,,,,,7
云南,2011,530000,,,,,,,,7
云南,2012,530000,,,,,,,,7
云南,2013,530000,,,,,,,,7
云南,2014,530000,,,,,,,,7
云南,2015,530000,25.9,1.6,0.4,7.4,3.7,5.0,5.5,0
云南,2016,530000,26.2,1.8,0.5,7.9,3.9,4.8,5.3,0
云南,2017,530000,26.9,1.7,0.5,7.6,3.7,4.5,5.3,0
云南,2018,530000,27.5,2.0,0.4,6.7,3.5,4.3,5.1,0
云南,2019,530000,27.7,2.1,0.4,7.9,4.5,4.5,5.8,0
云南,2020,530000,24.7,1.7,0.3,9.6,4.8,5.4,6.2,0
云南,2021,530000,30.8,1.9,0.4,10.2,5.2,6.0,7.2,0
云南,2022,530000,33.4,2.0,0.4,10.0,5.5,6.2,6.6,0
云南,2023,530000,35.4,2.3,0.5,11.2,6.3,7.8,8.0,0
云南,2024,530000,34.4,3.0,0.6,11.2,6.1,6.0,7.7,0
内蒙古,2000,150000,,,,,,,,7
内蒙古,2001,150000,,,,,,,,7
内蒙古,2002,150000,,,,,,,,7
内蒙古,2003,150000,,,,,,,,7
内蒙古,2004,150000,,,,,,,,7
内蒙古,2005,150000,,,,,,,,7
内蒙古,2006,150000,,,,,,,,7
内蒙古,2007,150000,,,,,,,,7
内蒙古,2008,150000,,,,,,,,7
内蒙古,2009,150000,,,,,,,,7
内蒙古,2010,150000,,,,,,,,7
内蒙古,2011,150000,,,,,,,,7
内蒙古,2012,150000,,,,,,,,7
内蒙古,2013,150000,,,,,,,,7
内蒙古,2014,150000,,,,,,,,7
内蒙古,2015,150000,16.9,3.8,8.6,5.1,4.9,9.3,21.9,0
内蒙古,2016,150000,16.5,4.3,9.9,5.9,5.2,9.3,22.7,0
内蒙古,2017,150000,17.0,4.3,8.9,5.3,4.9,9.1,22.7,0
内蒙古,2018,150000,20.0,3.3,7.5,5.6,5.2,9.2,22.2,0
内蒙古,2019,150000,19.5,3.5,6.4,6.5,6.7,11.0,24.0,0
内蒙古,2020,150000,18.3,3.9,6.4,8.0,6.5,14.3,24.8,0
内蒙古,2021,150000,26.8,4.1,7.1,7.4,6.4,13.7,23.8,0
内蒙古,2022,150000,24.9,4.0,6.6,6.8,6.6,14.2,20.9,0
内蒙古,2023,150000,27.4,4.3,7.4,8.3,8.0,16.5,25.4,0
内蒙古,2024,150000,25.5,6.1,8.4,9.2,8.0,16.9,29.3,0
北京,2000,110000,,,,,,,,7
北京,2001,110000,,,,,,,,7
北京,2002,110000,,,,,,,,7
北京,2003,110000,,,,,,,,7
北京,2004,110000,,,,,,,,7
北京,2005,110000,,,,,,,,7
北京,2006,110000,,,,,,,,7
北京,2007,110000,,,,,,,,7
北京,2008,110000,,,,,,,,7
北京,2009,110000,,,,,,,,7
北京,2010,110000,,,,,,,,7
北京,2011,110000,,,,,,,,7
北京,2012,110000,,,,,,,,7
北京,2013,110000,,,,,,,,7
北京,2014,110000,,,,,,,,7
北京,2015,110000,14.2,3.3,3.0,6.0,9.6,13.7,26.9,0
北京,2016,110000,13.1,2.9,3.1,5.7,8.5,12.0,23.2,0
北京,2017,110000,12.7,2.9,2.8,5.5,8.6,12.1,22.5,0
北京,2018,110000,16.3,3.3,2.7,5.8,8.9,14.6,26.0,0
北京,2019,110000,14.6,3.6,2.6,6.5,10.1,14.5,28.9,0
北京,2020,110000,15.3,3.9,3.1,7.9,9.5,16.9,30.1,0
北京,2021,110000,18.5,4.0,3.4,7.6,10.0,16.2,29.8,0
北京,2022,110000,17.5,3.8,2.9,6.9,9.4,16.3,22.0,0
北京,2023,110000,18.2,3.8,3.4,7.3,10.2,17.4,20.7,0
北京,2024,110000,15.7,4.1,3.3,6.9,9.1,15.6,17.1,0
吉林,2000,220000,,,,,,,,7
吉林,2001,220000,,,,,,,,7
吉林,2002,220000,,,,,,,,7
吉林,2003,220000,,,,,,,,7
吉林,2004,220000,,,,,,,,7
吉林,2005,220000,,,,,,,,7
吉林,2006,220000,,,,,,,,7
吉林,2007,220000,,,,,,,,7
吉林,2008,220000,,,,,,,,7
吉林,2009,220000,,,,,,,,7
吉林,2010,220000,,,,,,,,7
吉林,2011,220000,,,,,,,,7
吉林,2012,220000,,,,,,,,7
吉林,2013,220000,,,,,,,,7
吉林,2014,220000,,,,,,,,7
吉林,2015,220000,14.9,1.7,0.7,3.8,7.0,9.7,9.5,0
吉林,2016,220000,14.2,2.1,1.0,4.8,7.4,10.3,9.5,0
吉林,2017,220000,15.7,2.2,0.8,5.0,7.3,10.9,9.7,0
吉林,2018,220000,18.9,2.3,0.7,4.9,8.0,10.1,10.0,0
吉林,2019,220000,16.7,2.5,0.6,5.6,9.9,11.1,10.8,0
吉林,2020,220000,14.2,2.7,0.8,7.1,10.2,14.0,11.6,0
吉林,2021,220000,22.8,2.9,0.8,7.2,9.9,14.4,11.3,0
吉林,2022,220000,23.1,2.9,0.8,6.0,9.7,14.4,9.0,0
吉林,2023,220000,24.7,3.2,1.1,6.0,10.1,15.1,8.4,0
吉林,2024,220000,22.2,4.4,1.2,6.2,10.2,16.2,7.8,0
四川,2000,510000,,,,,,,,7
四川,2001,510000,,,,,,,,7
四川,2002,510000,,,,,,,,7
四川,2003,510000,,,,,,,,7
四川,2004,510000,,,,,,,,7
四川,2005,510000,,,,,,,,7
四川,2006,510000,,,,,,,,7
四川,2007,510000,,,,,,,,7
四川,2008,510000,,,,,,,,7
四川,2009,510000,,,,,,,,7
四川,2010,510000,,,,,,,,7
四川,2011,510000,,,,,,,,7
四川,2012,510000,,,,,,,,7
四川,2013,510000,,,,,,,,7
四川,2014,510000,34.07,1.19,0.3,10.46,6.44,8.18,11.23,0
四川,2015,510000,34.92,1.17,0.38,10.66,6.8,8.73,10.69,0
四川,2016,510000,32.99,1.27,0.6,11.3,7.27,8.61,11.06,0
四川,2017,510000,36.16,1.54,0.53,10.95,7.63,8.89,12.28,0
四川,2018,510000,38.86,1.73,0.48,10.45,7.2,8.43,12.48,0
四川,2019,510000,33.4,1.9,0.4,13.2,9.4,9.0,11.6,0
四川,2020,510000,28.0,1.9,0.4,14.5,9.2,9.9,10.0,0
四川,2021,510000,36.3,1.9,0.5,13.1,9.9,10.0,11.5,0
四川,2022,510000,38.3,1.9,0.5,12.6,9.8,9.8,11.9,0
四川,2023,510000,42.5,2.6,0.5,12.4,10.1,11.4,12.8,0
四川,2024,510000,40.1,2.7,0.6,11.9,9.8,9.7,12.3,0
天津,2000,120000,,,,,,,,7
天津,2001,120000,,,,,,,,7
天津,2002,120000,,,,,,,,7
天津,2003,120000,,,,,,,,7
天津,2004,120000,,,,,,,,7
天津,2005,120000,,,,,,,,7
天津,2006,120000,,,,,,,,7
天津,2007,120000,,,,,,,,7
天津,2008,120000,,,,,,,,7
天津,2009,120000,,,,,,,,7
天津,2010,120000,,,,,,,,7
天津,2011,120000,,,,,,,,7
天津,2012,120000,,,,,,,,7
天津,2013,120000,,,,,,,,7
天津,2014,120000,,,,,,,,7
天津,2015,120000,15.8,2.6,3.0,4.9,16.6,16.8,17.1,0
天津,2016,120000,16.1,2.8,3.3,5.6,16.9,17.8,17.0,0
天津,2017,120000,15.8,3.0,3.2,5.6,16.9,18.3,17.2,0
天津,2018,120000,16.8,2.9,2.7,5.7,16.7,17.7,18.6,0
天津,2019,120000,15.0,2.8,2.6,6.1,17.4,18.5,17.0,0
天津,2020,120000,14.1,2.9,2.7,7.0,16.8,21.5,16.8,0
天津,2021,120000,17.6,2.6,2.7,6.7,17.3,20.0,17.2,0
天津,2022,120000,18.3,2.8,2.96,6.5,17.2,20.2,14.7,0
天津,2023,120000,18.3,2.9,3.1,6.6,16.7,19.9,15.2,0
天津,2024,120000,17.3,3.5,3.3,6.6,14.9,19.6,13.8,0
宁夏,2000,640000,,,,,,,,7
宁夏,2001,640000,,,,,,,,7
宁夏,2002,640000,,,,,,,,7
宁夏,2003,640000,,,,,,,,7
宁夏,2004,640000,,,,,,,,7
宁夏,2005,640000,,,,,,,,7
宁夏,2006,640000,,,,,,,,7
宁夏,2007,640000,,,,,,,,7
宁夏,2008,640000,,,,,,,,7
宁夏,2009,640000,,,,,,,,7
宁夏,2010,640000,,,,,,,,7
宁夏,2011,640000,,,,,,,,7
宁夏,2012,640000,,,,,,,,7
宁夏,2013,640000,,,,,,,,7
宁夏,2014,640000,,,,,,,,7
宁夏,2015,640000,7.1,3.5,5.4,6.0,2.6,6.0,15.5,0
宁夏,2016,640000,6.7,3.5,5.3,6.1,2.8,5.5,14.4,0
宁夏,2017,640000,6.3,3.6,4.7,6.0,2.6,5.5,13.4,0
宁夏,2018,640000,7.0,4.1,4.1,6.8,2.5,5.9,13.5,0
宁夏,2019,640000,6.3,4.8,4.1,7.7,3.0,6.2,14.6,0
宁夏,2020,640000,5.8,4.9,4.4,8.4,2.9,7.4,13.5,0
宁夏,2021,640000,8.0,5.0,5.0,9.2,2.8,7.6,15.4,0
宁夏,2022,640000,8.7,6.0,5.9,8.7,3.0,8.4,14.8,0
宁夏,2023,640000,7.9,6.5,5.5,8.3,3.2,7.6,14.5,0
宁夏,2024,640000,7.3,8.4,5.8,8.4,3.1,7.5,14.6,0
安徽,2000,340000,,,,,,,,7
安徽,2001,340000,,,,,,,,7
安徽,2002,340000,,,,,,,,7
安徽,2003,340000,,,,,,,,7
安徽,2004,340000,,,,,,,,7
安徽,2005,340000,,,,,,,,7
安徽,2006,340000,,,,,,,,7
安徽,2007,340000,,,,,,,,7
安徽,2008,340000,,,,,,,,7
安徽,2009,340000,,,,,,,,7
安徽,2010,340000,,,,,,,,7
安徽,2011,340000,,,,,,,,7
安徽,2012,340000,,,,,,,,7
安徽,2013,340000,,,,,,,,7
安徽,2014,340000,,,,,,,,7
安徽,2015,340000,18.1,1.5,0.7,10.8,10.8,10.5,10.7,0
安徽,2016,340000,17.8,1.8,1.0,11.9,11.2,11.3,10.5,0
安徽,2017,340000,18.4,1.9,0.9,10.2,10.8,11.6,11.0,0
安徽,2018,340000,22.1,2.2,0.9,12.0,12.0,11.3,11.7,0
安徽,2019,340000,20.6,2.3,0.9,14.7,15.2,12.5,12.0,0
安徽,2020,340000,18.1,2.3,0.9,15.7,14.6,14.2,11.3,0
安徽,2021,340000,24.0,2.6,1.1,15.5,15.1,13.8,13.3,0
安徽,2022,340000,26.3,2.7,1.0,15.0,14.1,13.8,11.5,0
安徽,2023,340000,31.1,3.2,1.4,17.1,16.0,17.1,13.3,0
安徽,2024,340000,30.3,4.2,1.6,17.8,17.2,15.6,13.2,0
山东,2000,370000,,,,,,,,7
山东,2001,370000,,,,,,,,7
山东,2002,370000,,,,,,,,7
山东,2003,370000,,,,,,,,7
山东,2004,370000,,,,,,,,7
山东,2005,370000,,,,,,,,7
山东,2006,370000,,,,,,,,7
山东,2007,370000,,,,,,,,7
山东,2008,370000,,,,,,,,7
山东,2009,370000,,,,,,,,7
山东,2010,370000,,,,,,,,7
山东,2011,370000,,,,,,,,7
山东,2012,370000,,,,,,,,7
山东,2013,370000,12.93,0.93,0.7,3.83,10.5,13.6,17.24,0
山东,2014,370000,13.2,1.0,0.8,5.6,11.2,14.1,19.6,0
山东,2015,370000,12.9,1.0,1.0,5.9,11.2,15.7,18.2,0
山东,2016,370000,12.8,1.1,1.3,6.3,11.7,16.7,17.7,0
山东,2017,370000,13.0,1.2,1.1,5.9,11.6,17.2,17.3,0
山东,2018,370000,15.9,1.2,1.0,6.0,12.1,16.0,16.4,0
山东,2019,370000,14.6,1.1,1.0,6.5,13.8,17.5,16.9,0
山东,2020,370000,12.4,1.1,1.0,8.2,15.7,20.1,17.6,0
山东,2021,370000,20.4,1.1,1.1,9.3,11.9,21.3,17.1,0
山东,2022,370000,20.9,1.1,1.2,8.1,12.6,22.4,14.0,0
山东,2023,370000,25.6,1.9,1.9,9.5,15.1,25.1,15.8,0
山东,2024,370000,22.1,2.5,2.1,9.9,13.4,24.7,15.0,0
山西,2000,140000,,,,,,,,7
山西,2001,140000,,,,,,,,7
山西,2002,140000,,,,,,,,7
山西,2003,140000,,,,,,,,7
山西,2004,140000,,,,,,,,7
山西,2005,140000,,,,,,,,7
山西,2006,140000,,,,,,,,7
山西,2007,140000,,,,,,,,7
山西,2008,140000,,,,,,,,7
山西,2009,140000,,,,,,,,7
山西,2010,140000,,,,,,,,7
山西,2011,140000,,,,,,,,7
山西,2012,140000,,,,,,,,7
山西,2013,140000,,,,,,,,7
山西,2014,140000,,,,,,,,7
山西,2015,140000,9.5,0.6,1.2,2.1,3.0,10.3,14.7,0
山西,2016,140000,9.0,0.7,1.5,2.1,2.2,10.0,14.1,0
山西,2017,140000,9.4,0.8,1.3,2.3,2.4,10.9,15.0,0
山西,2018,140000,10.8,0.7,1.1,2.4,2.6,11.3,15.7,0
山西,2019,140000,10.2,0.7,1.1,2.9,3.0,13.4,16.8,0
山西,2020,140000,9.7,0.8,1.3,4.1,3.1,16.3,17.9,0
山西,2021,140000,12.7,0.8,1.5,4.0,2.9,17.1,19.2,0
山西,2022,140000,14.6,0.8,1.3,3.7,3.1,16.5,17.3,0
山西,2023,140000,14.3,1.0,1.4,4.0,3.6,15.0,16.3,0
山西,2024,140000,13.0,1.2,1.4,4.0,3.5,15.1,16.2,0
广东,2000,440000,,,,,,,,7
广东,2001,440000,,,,,,,,7
广东,2002,440000,,,,,,,,7
广东,2003,440000,,,,,,,,7
广东,2004,440000,,,,,,,,7
广东,2005,440000,,,,,,,,7
广东,2006,440000,,,,,,,,7
广东,2007,440000,,,,,,,,7
广东,2008,440000,,,,,,,,7
广东,2009,440000,,,,,,,,7
广东,2010,440000,,,,,,,,7
广东,2011,440000,,,,,,,,7
广东,2012,440000,,,,,,,,7
广东,2013,440000,27.82,,,,,,,6
广东,2014,440000,29.04,,,,,,,6
广东,2015,440000,29.7,1.8,0.6,18.6,22.0,6.9,8.3,0
广东,2016,440000,29.1,1.8,0.8,20.1,22.0,7.0,7.5,0
广东,2017,440000,29.1,2.0,0.7,20.6,22.8,7.3,7.7,0
广东,2018,440000,34.0,2.2,0.7,21.1,22.0,7.4,8.6,0
广东,2019,440000,30.7,3.1,0.7,25.9,28.6,8.4,8.8,0
广东,2020,440000,26.0,3.2,0.6,31.1,30.0,9.9,9.6,0
广东,2021,440000,29.6,3.0,0.7,24.6,27.5,8.4,12.9,0
广东,2022,440000,34.2,3.4,0.7,24.3,24.4,8.8,9.3,0
广东,2023,440000,40.7,4.2,0.9,24.9,27.7,10.0,9.6,0
广东,2024,440000,38.4,5.0,0.9,25.0,27.5,10.0,8.6,0
广西,2000,450000,,,,,,,,7
广西,2001,450000,,,,,,,,7
广西,2002,450000,,,,,,,,7
广西,2003,450000,,,,,,,,7
广西,2004,450000,,,,,,,,7
广西,2005,450000,,,,,,,,7
广西,2006,450000,,,,,,,,7
广西,2007,450000,,,,,,,,7
广西,2008,450000,,,,,,,,7
广西,2009,450000,,,,,,,,7
广西,2010,450000,,,,,,,,7
广西,2011,450000,,,,,,,,7
广西,2012,450000,,,,,,,,7
广西,2013,450000,,,,,,,,7
广西,2014,450000,,,,,,,,7
广西,2015,450000,27.9,1.3,0.4,18.6,10.2,5.7,5.7,0
广西,2016,450000,27.0,1.6,0.7,19.5,10.5,5.3,5.6,0
广西,2017,450000,27.6,1.8,0.8,19.6,10.6,5.6,5.6,0
广西,2018,450000,31.3,1.9,0.7,18.5,9.9,5.5,5.6,0
广西,2019,450000,25.0,2.0,0.6,24.8,13.4,6.3,5.0,0
广西,2020,450000,20.7,1.9,0.5,30.7,13.5,7.6,5.6,0
广西,2021,450000,30.4,1.8,0.5,26.1,12.8,6.4,6.3,0
广西,2022,450000,33.0,1.7,0.5,22.9,12.0,6.2,5.0,0
广西,2023,450000,34.9,2.3,0.6,21.7,12.4,6.7,6.4,0
广西,2024,450000,34.0,3.0,0.7,22.3,12.9,6.5,5.9,0
新疆,2000,650000,,,,,,,,7
新疆,2001,650000,,,,,,,,7
新疆,2002,650000,,,,,,,,7
新疆,2003,650000,,,,,,,,7
新疆,2004,650000,,,,,,,,7
新疆,2005,650000,,,,,,,,7
新疆,2006,650000,,,,,,,,7
新疆,2007,650000,,,,,,,,7
新疆,2008,650000,,,,,,,,7
新疆,2009,650000,,,,,,,,7
新疆,2010,650000,,,,,,,,7
新疆,2011,650000,,,,,,,,7
新疆,2012,650000,,,,,,,,7
新疆,2013,650000,,,,,,,,7
新疆,2014,650000,,,,,,,,7
新疆,2015,650000,4.2,4.6,13.2,5.2,3.2,6.8,19.5,0
新疆,2016,650000,3.8,4.8,13.1,5.8,3.5,6.6,20.5,0
新疆,2017,650000,3.9,4.6,11.7,6.0,3.3,6.5,21.0,0
新疆,2018,650000,3.7,5.1,14.0,4.9,2.9,5.6,19.9,0
新疆,2019,650000,3.1,5.0,12.2,5.3,3.2,6.4,21.1,0
新疆,2020,650000,3.4,5.3,12.7,6.9,3.1,8.5,18.7,0
新疆,2021,650000,5.0,6.5,13.3,6.5,2.9,8.4,18.4,0
新疆,2022,650000,4.9,6.1,13.9,6.0,3.1,9.0,17.2,0
新疆,2023,650000,4.1,6.9,16.6,5.2,2.9,8.6,19.6,0
新疆,2024,650000,3.6,8.0,16.3,5.5,2.8,9.6,24.1,0
江苏,2000,320000,,,,,,,,7
江苏,2001,320000,,,,,,,,7
江苏,2002,320000,,,,,,,,7
江苏,2003,320000,,,,,,,,7
江苏,2004,320000,,,,,,,,7
江苏,2005,320000,,,,,,,,7
江苏,2006,320000,,,,,,,,7
江苏,2007,320000,,,,,,,,7
江苏,2008,320000,,,,,,,,7
江苏,2009,320000,,,,,,,,7
江苏,2010,320000,,,,,,,,7
江苏,2011,320000,,,,,,,,7
江苏,2012,320000,,,,,,,,7
江苏,2013,320000,19.44,1.53,0.67,7.27,16.89,9.54,16.58,0
江苏,2014,320000,19.49,1.55,0.69,9.47,17.04,9.47,17.04,0
江苏,2015,320000,19.6,1.7,0.8,9.9,17.4,10.2,16.4,0
江苏,2016,320000,19.1,1.8,1.0,11.1,17.9,10.3,15.8,0
江苏,2017,320000,19.5,1.9,0.8,10.3,18.1,10.7,15.6,0
江苏,2018,320000,21.2,2.1,0.9,10.7,17.8,10.5,15.1,0
江苏,2019,320000,17.8,2.3,0.8,12.4,19.6,11.3,14.7,0
江苏,2020,320000,18.1,2.2,0.8,13.2,19.5,13.2,15.4,0
江苏,2021,320000,25.1,2.6,1.1,14.0,22.1,14.1,15.0,0
江苏,2022,320000,27.1,2.5,1.1,14.2,23.0,15.2,14.4,0
江苏,2023,320000,30.9,4.0,1.4,15.9,25.5,17.4,16.8,0
江苏,2024,320000,29.6,4.6,1.4,16.6,26.8,17.4,15.8,0
江西,2000,360000,,,,,,,,7
江西,2001,360000,,,,,,,,7
江西,2002,360000,,,,,,,,7
江西,2003,360000,,,,,,,,7
江西,2004,360000,,,,,,,,7
江西,2005,360000,,,,,,,,7
江西,2006,360000,,,,,,,,7
江西,2007,360000,,,,,,,,7
江西,2008,360000,,,,,,,,7
江西,2009,360000,,,,,,,,7
江西,2010,360000,,,,,,,,7
江西,2011,360000,,,,,,,,7
江西,2012,360000,,,,,,,,7
江西,2013,360000,,,,,,,,7
江西,2014,360000,,,,,,,,7
江西,2015,360000,20.6,1.6,0.2,8.1,12.2,7.5,11.2,0
江西,2016,360000,19.9,1.8,0.3,8.5,12.2,6.8,10.1,0
江西,2017,360000,20.6,2.1,0.4,8.4,12.6,7.0,11.1,0
江西,2018,360000,25.5,2.2,0.4,8.7,12.7,7.2,10.8,0
江西,2019,360000,23.5,2.5,0.3,10.6,15.5,7.7,11.0,0
江西,2020,360000,24.9,2.6,0.3,12.8,15.7,9.5,11.2,0
江西,2021,360000,31.3,3.0,0.5,13.7,18.4,11.2,12.4,0
江西,2022,360000,33.2,3.1,0.5,13.4,18.2,11.1,10.4,0
江西,2023,360000,39.4,4.1,0.7,14.6,19.6,13.1,11.6,0
江西,2024,360000,36.6,4.9,0.8,15.6,19.3,10.7,10.6,0
河北,2000,130000,,,,,,,,7
河北,2001,130000,,,,,,,,7
河北,2002,130000,,,,,,,,7
河北,2003,130000,,,,,,,,7
河北,2004,130000,,,,,,,,7
河北,2005,130000,,,,,,,,7
河北,2006,130000,,,,,,,,7
河北,2007,130000,,,,,,,,7
河北,2008,130000,,,,,,,,7
河北,2009,130000,,,,,,,,7
河北,2010,130000,,,,,,,,7
河北,2011,130000,,,,,,,,7
河北,2012,130000,,,,,,,,7
河北,2013,130000,12.44,0.98,0.81,2.01,5.23,11.27,14.03,0
河北,2014,130000,12.71,1.05,0.9,3.77,5.13,10.58,14.09,0
河北,2015,130000,12.4,1.2,1.3,4.0,5.3,12.5,13.9,0
河北,2016,130000,12.1,1.4,1.5,4.4,6.0,13.3,15.2,0
河北,2017,130000,12.3,1.4,1.4,4.1,5.7,14.0,14.4,0
河北,2018,130000,15.8,1.5,1.4,4.9,5.9,13.7,14.4,0
河北,2019,130000,13.7,1.5,1.3,5.4,7.4,15.7,14.5,0
河北,2020,130000,12.9,1.7,1.6,7.2,7.6,18.7,16.5,0
河北,2021,130000,20.0,1.5,1.6,8.1,8.4,20.2,17.6,0
河北,2022,130000,21.6,1.5,1.6,8.1,8.8,22.1,15.8,0
河北,2023,130000,24.5,2.0,2.3,9.1,10.2,23.4,17.8,0
河北,2024,130000,19.6,2.8,2.4,8.5,8.8,19.6,15.5,0
河南,2000,410000,,,,,,,,7
河南,2001,410000,,,,,,,,7
河南,2002,410000,,,,,,,,7
河南,2003,410000,,,,,,,,7
河南,2004,410000,,,,,,,,7
河南,2005,410000,,,,,,,,7
河南,2006,410000,,,,,,,,7
河南,2007,410000,,,,,,,,7
河南,2008,410000,,,,,,,,7
河南,2009,410000,,,,,,,,7
河南,2010,410000,,,,,,,,7
河南,2011,410000,,,,,,,,7
河南,2012,410000,,,,,,,,7
河南,2013,410000,,,,,,,,7
河南,2014,410000,,,,,,,,7
河南,2015,410000,11.3,1.2,0.9,5.1,3.7,12.3,10.9,0
河南,2016,410000,10.8,1.2,1.1,5.7,4.1,12.8,11.0,0
河南,2017,410000,10.9,1.2,1.1,5.3,3.8,14.3,11.5,0
河南,2018,410000,12.9,1.2,1.1,6.0,4.0,12.8,12.5,0
河南,2019,410000,12.0,1.4,1.0,6.9,4.7,14.6,13.1,0
河南,2020,410000,10.3,1.5,1.1,8.7,5.2,18.9,13.5,0
河南,2021,410000,18.2,1.9,1.4,9.5,5.9,20.0,16.0,0
河南,2022,410000,19.6,1.7,1.3,8.7,5.7,20.1,13.1,0
河南,2023,410000,24.8,2.1,1.6,10.6,7.7,24.3,13.4,0
河南,2024,410000,21.7,3.2,2.0,10.4,7.2,22.9,12.7,0
浙江,2000,330000,,,,,,,,7
浙江,2001,330000,,,,,,,,7
浙江,2002,330000,,,,,,,,7
浙江,2003,330000,,,,,,,,7
浙江,2004,330000,,,,,,,,7
浙江,2005,330000,,,,,,,,7
浙江,2006,330000,,,,,,,,7
浙江,2007,330000,,,,,,,,7
浙江,2008,330000,,,,,,,,7
浙江,2009,330000,,,,,,,,7
浙江,2010,330000,,,,,,,,7
浙江,2011,330000,,,,,,,,7
浙江,2012,330000,,,,,,,,7
浙江,2013,330000,,,,,,,,7
浙江,2014,330000,,,,,,,,7
浙江,2015,330000,21.9,1.7,0.5,9.8,24.3,7.6,12.5,0
浙江,2016,330000,21.5,1.8,0.7,10.6,23.3,8.1,12.0,0
浙江,2017,330000,21.9,2.0,0.6,10.6,23.7,8.5,12.0,0
浙江,2018,330000,23.7,2.5,0.7,10.7,22.9,8.4,13.2,0
浙江,2019,330000,22.0,2.7,0.7,11.9,25.9,9.2,13.5,0
浙江,2020,330000,20.0,2.9,0.6,13.0,25.9,10.6,14.7,0
浙江,2021,330000,29.4,3.5,0.8,14.3,30.5,12.4,16.9,0
浙江,2022,330000,31.7,3.7,0.9,13.8,30.5,12.4,14.1,0
浙江,2023,330000,31.9,4.7,1.1,13.2,29.6,13.2,14.3,0
浙江,2024,330000,31.0,5.7,1.4,14.1,32.1,13.4,13.6,0
海南,2000,450000,,,,,,,,7
海南,2001,450000,,,,,,,,7
海南,2002,450000,,,,,,,,7
海南,2003,450000,,,,,,,,7
海南,2004,450000,,,,,,,,7
海南,2005,450000,,,,,,,,7
海南,2006,450000,,,,,,,,7
海南,2007,450000,,,,,,,,7
海南,2008,450000,,,,,,,,7
海南,2009,450000,,,,,,,,7
海南,2010,450000,,,,,,,,7
海南,2011,450000,,,,,,,,7
海南,2012,450000,,,,,,,,7
海南,2013,450000,24.1,,,19.29,21.56,,,4
海南,2014,450000,23.79,,,18.61,21.72,4.18,2.38,2
海南,2015,450000,25.22,1.5,0.6,18.91,26.8,4.8,4.3,0
海南,2016,450000,26.98,1.9,0.7,21.5,26.7,4.78,4.4,0
海南,2017,450000,24.92,1.8,0.8,20.41,25.6,4.5,4.2,0
海南,2018,450000,29.24,21.0,1.0,18.76,27.0,4.8,4.7,0
海南,2019,450000,20.3,1.4,0.9,24.7,31.6,4.9,4.5,0
海南,2020,450000,16.8,2.4,0.8,30.4,30.8,5.6,4.9,0
海南,2021,450000,28.4,2.9,1.1,28.2,33.6,5.8,5.7,0
海南,2022,450000,30.4,2.7,0.9,26.3,30.0,5.3,4.5,0
海南,2023,450000,38.7,3.5,1.1,25.8,33.5,6.0,5.8,0
海南,2024,450000,37.0,4.2,1.2,26.3,33.9,5.8,5.0,0
湖北,2000,420000,,,,,,,,7
湖北,2001,420000,,,,,,,,7
湖北,2002,420000,,,,,,,,7
湖北,2003,420000,,,,,,,,7
湖北,2004,420000,,,,,,,,7
湖北,2005,420000,,,,,,,,7
湖北,2006,420000,,,,,,,,7
湖北,2007,420000,,,,,,,,7
湖北,2008,420000,,,,,,,,7
湖北,2009,420000,,,,,,,,7
湖北,2010,420000,,,,,,,,7
湖北,2011,420000,,,,,,,,7
湖北,2012,420000,,,,,,,,7
湖北,2013,420000,,,,,,,,7
湖北,2014,420000,,,,,,,,7
湖北,2015,420000,22.4,1.6,0.6,5.5,14.9,8.5,8.0,0
湖北,2016,420000,20.8,1.6,0.8,6.1,15.8,8.4,7.6,0
湖北,2017,420000,20.7,1.7,0.6,5.4,15.1,7.6,6.9,0
湖北,2018,420000,22.9,1.9,0.6,5.6,15.4,7.1,6.8,0
湖北,2019,420000,20.4,2.3,0.6,7.0,17.6,7.6,7.4,0
湖北,2020,420000,19.4,2.5,0.7,7.7,18.1,9.7,7.7,0
湖北,2021,420000,28.1,2.5,0.7,8.5,19.5,9.6,10.9,0
湖北,2022,420000,26.9,2.5,0.7,8.0,17.9,9.9,9.1,0
湖北,2023,420000,30.6,2.9,1.0,9.6,17.6,10.8,9.2,0
湖北,2024,420000,25.9,3.4,1.0,8.3,16.8,9.0,8.2,0
湖南,2000,430000,,,,,,,,7
湖南,2001,430000,,,,,,,,7
湖南,2002,430000,,,,,,,,7
湖南,2003,430000,,,,,,,,7
湖南,2004,430000,,,,,,,,7
湖南,2005,430000,,,,,,,,7
湖南,2006,430000,,,,,,,,7
湖南,2007,430000,,,,,,,,7
湖南,2008,430000,,,,,,,,7
湖南,2009,430000,,,,,,,,7
湖南,2010,430000,,,,,,,,7
湖南,2011,430000,,,,,,,,7
湖南,2012,430000,,,,,,,,7
湖南,2013,430000,,,,,,,,7
湖南,2014,430000,,,,,,,,7
湖南,2015,430000,25.9,1.5,0.5,9.7,11.5,7.2,5.8,0
湖南,2016,430000,25.1,1.8,0.6,10.7,12.3,7.6,5.4,0
湖南,2017,430000,27.1,1.9,0.7,10.7,11.8,8.0,5.7,0
湖南,2018,430000,29.8,1.9,0.6,10.8,11.9,7.8,6.7,0
湖南,2019,430000,25.7,2.2,0.6,13.7,14.8,8.7,6.9,0
湖南,2020,430000,22.7,2.2,0.6,15.8,14.6,10.3,7.4,0
湖南,2021,430000,32.0,2.2,0.7,15.3,14.6,10.9,8.9,0
湖南,2022,430000,33.9,2.4,0.6,14.3,14.6,10.7,8.0,0
湖南,2023,430000,39.8,3.1,0.8,13.1,14.6,12.3,7.9,0
湖南,2024,430000,35.9,3.8,0.9,13.5,15.3,10.7,7.9,0
甘肃,2000,620000,,,,,,,,7
甘肃,2001,620000,,,,,,,,7
甘肃,2002,620000,,,,,,,,7
甘肃,2003,620000,,,,,,,,7
甘肃,2004,620000,,,,,,,,7
甘肃,2005,620000,,,,,,,,7
甘肃,2006,620000,,,,,,,,7
甘肃,2007,620000,,,,,,,,7
甘肃,2008,620000,,,,,,,,7
甘肃,2009,620000,,,,,,,,7
甘肃,2010,620000,,,,,,,,7
甘肃,2011,620000,,,,,,,,7
甘肃,2012,620000,,,,,,,,7
甘肃,2013,620000,,,,,,,,7
甘肃,2014,620000,,,,,,,,7
甘肃,2015,620000,12.6,1.4,2.4,4.0,2.0,7.6,13.4,0
甘肃,2016,620000,11.9,1.4,2.8,4.2,2.1,7.1,13.8,0
甘肃,2017,620000,11.4,1.4,2.4,4.4,2.2,7.3,13.9,0
甘肃,2018,620000,14.3,1.2,2.4,4.8,2.4,8.7,13.6,0
甘肃,2019,620000,13.6,1.5,2.2,5.6,3.1,8.1,15.9,0
甘肃,2020,620000,11.9,1.6,1.8,6.3,2.8,9.3,15.7,0
甘肃,2021,620000,16.8,1.8,1.8,6.5,2.8,10.4,17.4,0
甘肃,2022,620000,17.6,1.6,2.3,5.7,2.8,10.3,14.7,0
甘肃,2023,620000,17.9,2.0,2.4,5.2,3.0,9.5,11.6,0
甘肃,2024,620000,15.9,2.5,2.3,5.3,2.9,9.6,12.1,0
福建,2000,350000,,,,,,,,7
福建,2001,350000,,,,,,,,7
福建,2002,350000,,,,,,,,7
福建,2003,350000,,,,,,,,7
福建,2004,350000,,,,,,,,7
福建,2005,350000,,,,,,,,7
福建,2006,350000,,,,,,,,7
福建,2007,350000,,,,,,,,7
福建,2008,350000,,,,,,,,7
福建,2009,350000,,,,,,,,7
福建,2010,350000,,,,,,,,7
福建,2011,350000,,,,,,,,7
福建,2012,350000,,,,,,,,7
福建,2013,350000,,,,,,,,7
福建,2014,350000,,,,,,,,7
福建,2015,350000,25.5,1.5,0.7,10.6,26.0,8.2,10.8,0
福建,2016,350000,25.8,1.9,0.8,12.2,26.6,8.8,11.0,0
福建,2017,350000,25.9,1.9,0.8,11.8,25.8,8.7,10.8,0
福建,2018,350000,29.1,1.9,0.7,11.5,23.9,8.6,11.7,0
福建,2019,350000,22.3,2.2,0.7,13.0,25.3,9.1,10.7,0
福建,2020,350000,19.3,2.1,0.6,15.7,26.4,10.7,11.7,0
福建,2021,350000,27.7,2.4,0.8,15.0,26.8,11.4,13.4,0
福建,2022,350000,29.9,2.5,0.8,13.6,25.7,11.1,11.4,0
福建,2023,350000,35.7,3.5,0.9,14.6,31.5,10.4,13.0,0
福建,2024,350000,33.5,4.2,1.2,14.5,30.7,13.1,12.1,0
西藏,2000,540000,,,,,,,,7
西藏,2001,540000,,,,,,,,7
西藏,2002,540000,,,,,,,,7
西藏,2003,540000,,,,,,,,7
西藏,2004,540000,,,,,,,,7
西藏,2005,540000,,,,,,,,7
西藏,2006,540000,,,,,,,,7
西藏,2007,540000,,,,,,,,7
西藏,2008,540000,,,,,,,,7
西藏,2009,540000,,,,,,,,7
西藏,2010,540000,,,,,,,,7
西藏,2011,540000,,,,,,,,7
西藏,2012,540000,,,,,,,,7
西藏,2013,540000,,,,,,,,7
西藏,2014,540000,,,,,,,,7
西藏,2015,540000,6.7,26.4,5.8,0.9,0.5,3.1,21.4,0
西藏,2016,540000,9.3,21.8,9.6,0.9,0.4,2.9,20.4,0
西藏,2017,540000,7.6,13.9,7.9,1.4,0.7,3.7,22.5,0
西藏,2018,540000,6.7,17.9,4.5,1.5,0.5,3.6,14.3,0
西藏,2019,540000,5.7,17.5,3.7,1.7,0.6,3.2,11.6,0
西藏,2020,540000,6.7,17.4,5.5,1.2,0.4,2.4,8.5,0
西藏,2021,540000,6.2,21.9,6.6,1.2,0.5,2.7,9.3,0
西藏,2022,540000,6.8,23.0,6.6,1.0,0.5,3.3,9.6,0
西藏,2023,540000,7.1,25.8,6.7,1.2,0.6,3.0,7.6,0
西藏,2024,540000,6.6,25.9,5.1,1.0,0.7,3.2,10.5,0
贵州,2000,520000,,2.36,0.68,,,,,5
贵州,2001,520000,,,,,,,,7
贵州,2002,520000,,,,,,,,7
贵州,2003,520000,,,,,,,,7
贵州,2004,520000,,,,,,,,7
贵州,2005,520000,,,,,,,,7
贵州,2006,520000,,,,,,,,7
贵州,2007,520000,,,,,,,,7
贵州,2008,520000,,,,,,,,7
贵州,2009,520000,,,,,,,,7
贵州,2010,520000,,,,,,,,7
贵州,2011,520000,,,,,,,,7
贵州,2012,520000,,,,,,,,7
贵州,2013,520000,,,,,,,,7
贵州,2014,520000,,,,,,,,7
贵州,2015,520000,29.8,1.2,0.3,5.1,2.2,4.4,5.3,0
贵州,2016,520000,28.0,1.2,0.3,5.4,2.4,4.3,5.5,0
贵州,2017,520000,27.6,1.2,0.3,5.0,2.4,4.2,5.4,0
贵州,2018,520000,29.1,1.0,0.2,4.6,2.2,3.4,4.4,0
贵州,2019,520000,26.0,1.0,0.2,5.6,2.8,3.7,4.6,0
贵州,2020,520000,22.3,1.0,0.2,6.6,3.0,4.8,5.1,0
贵州,2021,520000,28.2,1.1,0.2,6.9,3.5,4.8,6.4,0
贵州,2022,520000,30.7,1.1,0.4,6.9,3.6,5.2,6.7,0
贵州,2023,520000,30.3,1.2,0.3,7.0,3.7,5.2,6.7,0
贵州,2024,520000,30.9,1.6,0.3,7.4,3.9,5.3,6.7,0
辽宁,2000,210000,,,,,,,,7
辽宁,2001,210000,,,,,,,,7
辽宁,2002,210000,,,,,,,,7
辽宁,2003,210000,,,,,,,,7
辽宁,2004,210000,,,,,,,,7
辽宁,2005,210000,,,,,,,,7
辽宁,2006,210000,,,,,,,,7
辽宁,2007,210000,,,,,,,,7
辽宁,2008,210000,,,,,,,,7
辽宁,2009,210000,,,,,,,,7
辽宁,2010,210000,,,,,,,,7
辽宁,2011,210000,,,,,,,,7
辽宁,2012,210000,,,,,,,,7
辽宁,2013,210000,,,,,,,,7
辽宁,2014,210000,,,,,,,,7
辽宁,2015,210000,18.1,2.1,1.3,4.7,13.9,12.3,14.4,0
辽宁,2016,210000,18.3,2.6,1.8,5.3,14.8,13.3,14.8,0
辽宁,2017,210000,18.5,2.6,1.5,5.2,14.5,13.6,15.0,0
辽宁,2018,210000,19.0,2.6,1.3,5.1,13.7,12.1,14.9,0
辽宁,2019,210000,17.9,2.7,1.1,5.6,15.4,13.1,16.0,0
辽宁,2020,210000,16.5,3.1,1.4,7.1,15.1,16.6,17.7,0
辽宁,2021,210000,26.3,3.8,1.6,7.5,17.1,17.5,19.3,0
辽宁,2022,210000,27.5,3.8,1.5,6.8,17.0,18.7,15.6,0
辽宁,2023,210000,30.7,3.9,1.9,7.5,18.1,19.4,15.6,0
辽宁,2024,210000,27.0,4.8,2.1,7.6,16.6,19.3,14.2,0
重庆,2000,500000,25.86,,,4.09,,5.79,,4
重庆,2001,500000,,,,,,,,7
重庆,2002,500000,,,,,,,,7
重庆,2003,500000,,,,,,,,7
重庆,2004,500000,,,,,,,,7
重庆,2005,500000,,,,,,,,7
重庆,2006,500000,,,,,,,,7
重庆,2007,500000,,,,,,,,7
重庆,2008,500000,,,,,,,,7
重庆,2009,500000,,,,,,,,7
重庆,2010,500000,,,,,,,,7
重庆,2011,500000,,,,,,,,7
重庆,2012,500000,,,,,,,,7
重庆,2013,500000,33.2,1.31,0.39,,9.15,8.9,16.19,1
重庆,2014,500000,33.52,1.26,0.35,,9.58,9.12,16.33,1
重庆,2015,500000,33.67,1.26,0.52,10.2,9.89,10.14,14.6,0
重庆,2016,500000,33.56,1.37,0.76,11.3,9.97,9.88,16.62,0
重庆,2017,500000,33.85,1.43,0.75,11.6,10.47,9.84,17.21,0
重庆,2018,500000,38.79,1.34,0.58,10.0,9.93,9.77,12.64,0
重庆,2019,500000,33.7,1.7,0.5,11.9,12.1,10.3,13.3,0
重庆,2020,500000,29.9,1.9,0.5,13.6,12.5,11.8,14.0,0
重庆,2021,500000,39.6,2.3,0.7,14.6,14.9,14.2,17.5,0
重庆,2022,500000,45.8,2.7,0.7,14.5,15.0,14.7,15.7,0
重庆,2023,500000,48.5,3.3,1.0,14.1,15.6,15.3,17.4,0
重庆,2024,500000,45.3,3.5,0.9,13.9,14.9,14.0,16.3,0
陕西,2000,610000,,,,,,,,7
陕西,2001,610000,,,,,,,,7
陕西,2002,610000,,,,,,,,7
陕西,2003,610000,,,,,,,,7
陕西,2004,610000,,,,,,,,7
陕西,2005,610000,,,,,,,,7
陕西,2006,610000,,,,,,,,7
陕西,2007,610000,,,,,,,,7
陕西,2008,610000,,,,,,,,7
陕西,2009,610000,,,,,,,,7
陕西,2010,610000,,,,,,,,7
陕西,2011,610000,,,,,,,,7
陕西,2012,610000,,,,,,,,7
陕西,2013,610000,8.7,0.6,0.7,1.5,1.7,,10.0,1
陕西,2014,610000,9.2,0.7,0.7,1.6,1.6,,10.1,1
陕西,2015,610000,10.4,0.6,1.0,2.3,2.1,7.6,12.6,0
陕西,2016,610000,10.0,0.6,1.2,2.8,2.2,7.0,13.4,0
陕西,2017,610000,10.2,0.7,1.2,2.7,2.5,8.0,14.6,0
陕西,2018,610000,11.8,1.0,1.1,2.9,2.8,7.8,13.8,0
陕西,2019,610000,10.9,1.2,1.4,3.5,3.3,8.9,14.5,0
陕西,2020,610000,10.5,1.2,1.3,4.0,3.1,10.3,14.7,0
陕西,2021,610000,14.5,1.2,1.2,4.1,3.2,11.4,15.4,0
陕西,2022,610000,15.8,1.3,1.2,4.1,3.4,12.3,14.7,0
陕西,2023,610000,18.6,1.4,1.4,4.5,3.7,12.8,13.7,0
陕西,2024,610000,16.1,1.8,1.5,4.3,3.5,12.4,13.7,0
青海,2000,630000,,,,,,,,7
青海,2001,630000,,,,,,,,7
青海,2002,630000,,,,,,,,7
青海,2003,630000,,,,,,,,7
青海,2004,630000,,,,,,,,7
青海,2005,630000,,,,,,,,7
青海,2006,630000,,,,,,,,7
青海,2007,630000,,,,,,,,7
青海,2008,630000,,,,,,,,7
青海,2009,630000,,,,,,,,7
青海,2010,630000,,,,,,,,7
青海,2011,630000,,,,,,,,7
青海,2012,630000,,,,,,,,7
青海,2013,630000,,,,,,,,7
青海,2014,630000,,,,,,,,7
青海,2015,630000,10.3,4.5,6.9,3.2,2.1,4.3,17.4,0
青海,2016,630000,12.3,5.0,8.0,3.2,2.0,4.6,18.2,0
青海,2017,630000,11.4,5.3,7.1,3.5,2.0,4.8,17.9,0
青海,2018,630000,9.8,9.4,6.6,2.9,1.7,3.7,17.6,0
青海,2019,630000,8.7,9.0,5.5,3.4,2.0,4.2,18.8,0
青海,2020,630000,8.1,10.0,4.7,3.7,1.9,5.2,16.7,0
青海,2021,630000,13.0,5.1,5.1,3.9,1.8,5.6,17.0,0
青海,2022,630000,13.1,9.9,5.6,3.8,2.1,7.0,17.5,0
青海,2023,630000,12.6,10.3,6.6,3.9,2.4,6.6,17.8,0
青海,2024,630000,11.5,10.8,6.1,4.1,2.5,6.3,18.4,0
黑龙江,2000,230000,,,,,,,,7
黑龙江,2001,230000,,,,,,,,7
黑龙江,2002,230000,,,,,,,,7
黑龙江,2003,230000,,,,,,,,7
黑龙江,2004,230000,,,,,,,,7
黑龙江,2005,230000,,,,,,,,7
黑龙江,2006,230000,,,,,,,,7
黑龙江,2007,230000,,,,,,,,7
黑龙江,2008,230000,,,,,,,,7
黑龙江,2009,230000,,,,,,,,7
黑龙江,2010,230000,,,,,,,,7
黑龙江,2011,230000,,,,,,,,7
黑龙江,2012,230000,,,,,,,,7
黑龙江,2013,230000,,,,,,,,7
黑龙江,2014,230000,,,,,,,,7
黑龙江,2015,230000,13.9,1.5,1.2,4.5,7.9,9.6,10.4,0
黑龙江,2016,230000,14.2,1.8,1.5,5.5,8.3,9.9,9.8,0
黑龙江,2017,230000,15.4,1.9,1.4,5.7,8.2,11.1,10.4,0
黑龙江,2018,230000,18.5,2.0,1.1,5.3,9.0,10.9,10.4,0
黑龙江,2019,230000,15.1,1.9,1.1,6.0,10.3,12.2,9.8,0
黑龙江,2020,230000,15.0,2.3,1.4,8.2,10.3,16.4,10.6,0
黑龙江,2021,230000,24.4,2.5,1.6,8.6,10.7,16.7,12.4,0
黑龙江,2022,230000,23.0,2.6,1.6,6.9,11.2,16.0,10.6,0
黑龙江,2023,230000,27.0,2.9,2.0,6.9,11.8,16.5,10.5,0
黑龙江,2024,230000,22.5,3.9,2.0,7.1,11.9,17.1,10.0,0
